timestamp,model,prompt_set,concept_term,B1_official_name,B2_kind,B3_category_type,B4_immediate_broader,B5_grandparents,B6_immediate_narrower,B7_peer_terms
2026-03-05T16:24:38.797536,mistralai/mistral-large-2512,set2,Acute myocardial infarction,,,,,,,
2026-03-05T16:24:43.719980,mistralai/mistral-large-2512,set2,Atrial fibrillation,,,,,,,
2026-03-05T16:24:47.409537,mistralai/mistral-large-2512,set2,"Hypertensive disorder, systemic arterial",,,,,,,
2026-03-05T16:24:51.539652,mistralai/mistral-large-2512,set2,Atherosclerosis,,,,,,,
2026-03-05T16:24:55.597637,mistralai/mistral-large-2512,set2,Embolus,,,,,,,
2026-03-05T16:24:58.874139,mistralai/mistral-large-2512,set2,Ventricular tachycardia,,,,,,,
2026-03-05T16:25:03.097602,mistralai/mistral-large-2512,set2,Apnea,,,,,,,
2026-03-05T16:25:05.939332,mistralai/mistral-large-2512,set2,Cyanosis,,,,,,,
2026-03-05T16:25:10.752146,mistralai/mistral-large-2512,set2,Bronchitis,,,,,,,
2026-03-05T16:25:15.169757,mistralai/mistral-large-2512,set2,Hyperglycemia,,,,,,,
2026-03-05T16:25:18.130181,mistralai/mistral-large-2512,set2,Blood in urine,,,,,,,
2026-03-05T16:25:22.116900,mistralai/mistral-large-2512,set2,Oliguria,,,,,,,
2026-03-05T16:25:25.952630,mistralai/mistral-large-2512,set2,Polyuria,,,,,,,
2026-03-05T16:25:29.899253,mistralai/mistral-large-2512,set2,Necrosis,,,,,,,
2026-03-05T16:25:32.766626,mistralai/mistral-large-2512,set2,Ischemia,,,,,,,
2026-03-05T16:25:38.030329,mistralai/mistral-large-2512,set2,Sepsis,,,,,,,
2026-03-05T16:25:42.085451,mistralai/mistral-large-2512,set2,Malignant,,,,,,,
2026-03-05T16:25:45.437732,mistralai/mistral-large-2512,set2,Benign,,,,,,,
2026-03-05T16:25:49.151339,mistralai/mistral-large-2512,set2,Abscess,,,,,,,
2026-03-05T16:25:53.553723,mistralai/mistral-large-2512,set2,Edema,,,,,,,
2026-03-05T16:25:56.630855,mistralai/mistral-large-2512,set2,Intubation,,,,,,,
2026-03-05T16:25:59.956266,mistralai/mistral-large-2512,set2,Biopsy,,,,,,,
2026-03-05T16:26:02.770898,mistralai/mistral-large-2512,set2,Venipuncture,,,,,,,
2026-03-05T16:26:05.944986,mistralai/mistral-large-2512,set2,Laparotomy,,,,,,,
2026-03-05T16:26:09.120697,mistralai/mistral-large-2512,set2,Opening of chest,,,,,,,
2026-03-05T16:26:12.276544,mistralai/mistral-large-2512,set2,Cholecystectomy,,,,,,,
2026-03-05T16:26:16.642365,mistralai/mistral-large-2512,set2,Cardiopulmonary resuscitation,,,,,,,
2026-03-05T16:26:21.101443,mistralai/mistral-large-2512,set2,Triage,,,,,,,
2026-03-05T16:26:23.850960,mistralai/mistral-large-2512,set2,Proximal,,,,,,,
2026-03-05T16:26:27.856605,mistralai/mistral-large-2512,set2,Distal,,,,,,,
2026-03-05T16:26:32.474709,mistralai/mistral-large-2512,set2,Chronic,,,,,,,
2026-03-05T16:26:37.277457,mistralai/mistral-large-2512,set2,Determination of prognosis,,,,,,,
2026-03-05T16:26:42.147999,mistralai/mistral-large-2512,set2,Anaphylaxis,,,,,,,
2026-03-05T16:26:46.721196,mistralai/mistral-large-2512,set2,Structure of ischiogluteal bursa of right hip,,,,,,,
2026-03-05T16:26:51.625612,mistralai/mistral-large-2512,set2,Does not cut own nails,,,,,,,
2026-03-05T16:26:57.721883,mistralai/mistral-large-2512,set2,Laceration of right brachial artery,,,,,,,
2026-03-05T16:27:00.962195,mistralai/mistral-large-2512,set2,Date sample received in laboratory,,,,,,,
2026-03-05T16:27:05.333009,mistralai/mistral-large-2512,set2,Autosomal recessive severe congenital neutropenia due to jagunal homolog 1 deficiency,,,,,,,
2026-03-05T16:27:08.917078,mistralai/mistral-large-2512,set2,Product containing only ezetimibe and rosuvastatin,,,,,,,
2026-03-05T16:27:14.754397,mistralai/mistral-large-2512,set2,Alpha>1< anti-trypsin isotype MZ,,,,,,,
2026-03-05T16:27:18.439883,mistralai/mistral-large-2512,set2,2-dehydro-3-deoxy-L-pentonate aldolase,,,,,,,
2026-03-05T16:27:21.785955,mistralai/mistral-large-2512,set2,Thiourea,,,,,,,
2026-03-05T16:27:24.592319,mistralai/mistral-large-2512,set2,Protriptyline,Protriptyline Hydrochloride,Pharmacologic Substance,Primitive,Tricyclic Antidepressant|Secondary Amine Tricyclic Antidepressant,Antidepressant|Psychotropic Drug,*None listed*,Amitriptyline|Nortriptyline|Imipramine|Desipramine|Clomipramine|Doxepin|Trimipramine
2026-03-05T16:27:29.705440,mistralai/mistral-large-2512,set2,Use of sling suspension,,,,,,,
2026-03-05T16:27:34.406667,mistralai/mistral-large-2512,set2,Insulin receptor defect,,,,,,,
2026-03-05T16:27:38.502122,mistralai/mistral-large-2512,set2,Akinesis of basal anterior segment of left cardiac ventricle,,,,,,,
2026-03-05T16:27:42.735384,mistralai/mistral-large-2512,set2,Bioterrorist attack,,,,,,,
2026-03-05T16:27:46.805497,mistralai/mistral-large-2512,set2,Rickettsia australis,,,,,,,
2026-03-05T16:27:49.876513,mistralai/mistral-large-2512,set2,Computed tomography 3 dimensional reconstruction,,,,,,,
2026-03-05T16:27:54.517182,mistralai/mistral-large-2512,set2,Open reduction of fracture of tarsal bone without internal fixation,,,,,,,
2026-03-05T16:28:00.959322,mistralai/mistral-large-2512,set2,Identification of antibody to red blood cell antigens from Colton system (International Society of Blood Transfusion 015),,,,,,,
2026-03-05T16:28:04.724553,mistralai/mistral-large-2512,set2,Spirometra houghtonii,,,,,,,
2026-03-05T16:28:09.226560,mistralai/mistral-large-2512,set2,Difficulty preparing feed,,,,,,,
2026-03-05T16:28:12.261781,mistralai/mistral-large-2512,set2,Public school,,,,,,,
2026-03-05T16:28:15.782897,mistralai/mistral-large-2512,set2,Assistive electrical shaver adaptor,,,,,,,
2026-03-05T16:28:21.462213,mistralai/mistral-large-2512,set2,Bathing of skin of free upper limb,,,,,,,
2026-03-05T16:28:24.640809,mistralai/mistral-large-2512,set2,Primary hyperparathyroidism,,,,,,,
2026-03-05T16:28:28.159681,mistralai/mistral-large-2512,set2,Ultrasonography of soft tissue of wrist region,,,,,,,
2026-03-05T16:28:32.784674,mistralai/mistral-large-2512,set2,Standing tolerance,,,,,,,
2026-03-05T16:28:36.459161,mistralai/mistral-large-2512,set2,Product containing precisely alverine citrate 120 milligram/1 each conventional release oral capsule,,,,,,,
2026-03-05T16:28:40.445869,mistralai/mistral-large-2512,set2,Structure of temporomandibular articulation vein,,,,,,,
2026-03-05T16:28:44.404117,mistralai/mistral-large-2512,set2,Closed comminuted fracture of proximal phalanx of finger,,,,,,,
2026-03-05T16:28:47.849029,mistralai/mistral-large-2512,set2,Choroidal retinal neovascularization,,,,,,,
2026-03-05T16:28:56.652497,mistralai/mistral-large-2512,set2,Microunit/milliliter,,,,,,,
2026-03-05T16:29:01.782862,mistralai/mistral-large-2512,set2,Unable to use a non-speech system for communication,,,,,,,
2026-03-05T16:29:07.130216,mistralai/mistral-large-2512,set2,Chronic infective pericarditis,,,,,,,
2026-03-05T16:29:13.280989,mistralai/mistral-large-2512,set2,Accidental poisoning caused by salicylates,,,,,,,
2026-03-05T16:29:16.047787,mistralai/mistral-large-2512,set2,Product containing only nicotinic acid,,,,,,,
2026-03-05T16:29:19.320339,mistralai/mistral-large-2512,set2,Dimethyl-ether propane,,,,,,,
2026-03-05T16:29:23.623880,mistralai/mistral-large-2512,set2,Nipple sharing technique,,,,,,,
2026-03-05T16:29:28.436372,mistralai/mistral-large-2512,set2,Accidental clorazepate poisoning,,,,,,,
2026-03-05T16:29:33.660150,mistralai/mistral-large-2512,set2,Fetal disorder due to persistent occipito-posterior malposition during labor,,,,,,,
2026-03-05T16:29:37.449522,mistralai/mistral-large-2512,set2,Carnitine acylcarnitine translocase deficiency,,,,,,,
2026-03-05T16:29:40.860778,mistralai/mistral-large-2512,set2,Revision of gastrojejunal anastomosis with reconstruction with partial gastrectomy,,,,,,,
2026-03-05T16:29:45.483483,mistralai/mistral-large-2512,set2,Abnormal radial pulse,,,,,,,
2026-03-05T16:29:48.546061,mistralai/mistral-large-2512,set2,Accident due to heat in drying room,,,,,,,
2026-03-05T16:29:51.692880,mistralai/mistral-large-2512,set2,Disease caused by Trichinelloidea,,,,,,,
2026-03-05T16:29:55.899132,mistralai/mistral-large-2512,set2,Cervical anterior longitudinal ligament sprain,,,,,,,
2026-03-05T16:30:00.385186,mistralai/mistral-large-2512,set2,Entire costal groove of eighth rib,,,,,,,
2026-03-05T16:30:03.786119,mistralai/mistral-large-2512,set2,Myxopapillary ependymoma of brain,,,,,,,
2026-03-05T16:30:08.988530,mistralai/mistral-large-2512,set2,Repositioning of cardioverter/defibrillator leads,,,,,,,
2026-03-05T16:30:13.090720,mistralai/mistral-large-2512,set2,Buttiauxella brennerae,,,,,,,
2026-03-05T16:30:17.795519,mistralai/mistral-large-2512,set2,Position of testicle,,,,,,,
2026-03-05T16:30:23.196835,mistralai/mistral-large-2512,set2,Accidental lomustine poisoning,,,,,,,
2026-03-05T16:30:26.500772,mistralai/mistral-large-2512,set2,Hemangioma of retina of bilateral eyes,,,,,,,
2026-03-05T16:30:29.526487,mistralai/mistral-large-2512,set2,Mandelate racemase,,,,,,,
2026-03-05T16:30:34.901293,mistralai/mistral-large-2512,set2,Structure of rhomboideus thoracis muscle,,,,,,,
2026-03-05T16:30:39.110825,mistralai/mistral-large-2512,set2,Unable to move from lying to sitting,,,,,,,
2026-03-05T16:30:44.066780,mistralai/mistral-large-2512,set2,Contact lens inserter/remover,,,,,,,
2026-03-05T16:30:47.108391,mistralai/mistral-large-2512,set2,Cytosine deaminase,,,,,,,
2026-03-05T16:30:52.010563,mistralai/mistral-large-2512,set2,Atrolysin F,,,,,,,
2026-03-05T16:30:54.286501,mistralai/mistral-large-2512,set2,Entire pupillary margin of iris,,,,,,,
2026-03-05T16:31:02.135636,mistralai/mistral-large-2512,set2,Compression hosiery class II below knee stocking flatbed knit made to measure,,,,,,,
2026-03-05T16:31:05.529245,mistralai/mistral-large-2512,set2,Entire small subcutaneous vein,,,,,,,
2026-03-05T16:31:09.147231,mistralai/mistral-large-2512,set2,Operation on pharynx,,,,,,,
2026-03-05T16:31:14.856909,mistralai/mistral-large-2512,set2,Fluoroscopic angiography of dialysis fistula using contrast with insertion of stent graft,,,,,,,
2026-03-05T16:31:18.151219,mistralai/mistral-large-2512,set2,Product containing only methotrexate,,,,,,,
2026-03-05T16:31:22.341379,mistralai/mistral-large-2512,set2,Wart clinic,,,,,,,
2026-03-05T16:31:26.387107,mistralai/mistral-large-2512,set2,Hemoglobin Dagestan,,,,,,,
2026-03-05T16:31:30.098810,mistralai/mistral-large-2512,set2,Substance,,,,,,,
2026-03-05T16:31:33.040966,mistralai/mistral-large-2512,set2,Family Chlorobiaceae,*Chlorobiaceae*,Bacterial family,Primitive,,,*Prosthecochloris*|*Chloroherpeton*|*Pelodictyon*,*Bacteroidaceae*|*Porphyromonadaceae*|*Prevotellaceae*
2026-03-05T16:31:37.202469,mistralai/mistral-large-2512,set2,Structure of pedicle of axis,,,,,,,
2026-03-05T16:31:43.016910,mistralai/mistral-large-2512,set2,Bone structure of L4,,,,,,,
2026-03-05T16:31:47.602425,mistralai/mistral-large-2512,set2,Lasègue's arm sign,,,,,,,
2026-03-05T16:31:51.287923,mistralai/mistral-large-2512,set2,Neuroendocrine tumor of middle ear,,,,,,,
2026-03-05T16:31:54.654203,mistralai/mistral-large-2512,set2,Extension Namespace {1000194},,,,,,,
2026-03-05T16:31:59.562513,mistralai/mistral-large-2512,set2,Fracture of third rib,,,,,,,
2026-03-05T16:32:05.110046,mistralai/mistral-large-2512,set2,Overriding tricuspid valve,,,,,,,
2026-03-05T16:32:08.457707,mistralai/mistral-large-2512,set2,Cerebellar laceration with open intracranial wound,,,,,,,
2026-03-05T16:32:13.100734,mistralai/mistral-large-2512,set2,Sacral spinal cord injury without bone injury,,,,,,,
2026-03-05T16:32:16.098202,mistralai/mistral-large-2512,set2,Dehydrated hereditary stomatocytosis,,,,,,,
2026-03-05T16:32:19.856415,mistralai/mistral-large-2512,set2,Product containing precisely tinzaparin sodium 20000 unit/1 milliliter conventional release solution for injection,,,,,,,
2026-03-05T16:32:23.809554,mistralai/mistral-large-2512,set2,History of mood disorder,,,,,,,
2026-03-05T16:32:28.074361,mistralai/mistral-large-2512,set2,Dislocation of prosthetic joint of elbow,,,,,,,
2026-03-05T16:32:32.866245,mistralai/mistral-large-2512,set2,Product containing only brompheniramine and guaifenesin and hydrocodone in oral dose form,,,,,,,
2026-03-05T16:32:36.172285,mistralai/mistral-large-2512,set2,Unable to wash laundry,,,,,,,
2026-03-05T16:32:41.510991,mistralai/mistral-large-2512,set2,Entire corticothalamic fibers of posterior limb of internal capsule,,,,,,,
2026-03-05T16:32:45.926015,mistralai/mistral-large-2512,set2,Product containing precisely lidocaine hydrochloride 1 milligram/1 milliliter conventional release solution for injection,,,,,,,
2026-03-05T16:32:48.751739,mistralai/mistral-large-2512,set2,Congenital absence of uvula,,,,,,,
2026-03-05T16:32:51.731110,mistralai/mistral-large-2512,set2,Streptococcus pyogenes type emm35,*Streptococcus pyogenes emm35*,Bacterium,Primitive,*Streptococcus pyogenes*|*emm35-positive Streptococcus pyogenes*,*Streptococcus*|*Gram-positive coccus*|*Bacteria*,,*Streptococcus pyogenes emm1*|*Streptococcus pyogenes emm2*|*Streptococcus pyogenes emm3*|*Streptococcus pyogenes emm4*|*(other emm-type Streptococcus pyogenes)*
2026-03-05T16:32:56.458178,mistralai/mistral-large-2512,set2,Fracture of mandible involving dental socket,,,,,,,
2026-03-05T16:33:00.237521,mistralai/mistral-large-2512,set2,Foreign body in skin of finger with infection,,,,,,,
2026-03-05T16:33:04.198902,mistralai/mistral-large-2512,set2,Product containing precisely naloxone hydrochloride 400 microgram/1 milliliter conventional release solution for injection,,,,,,,
2026-03-05T16:33:07.475308,mistralai/mistral-large-2512,set2,Excisional biopsy of lacrimal sac,,,,,,,
2026-03-05T16:33:11.844191,mistralai/mistral-large-2512,set2,Catatonic posturing,,,,,,,
2026-03-05T16:33:16.774974,mistralai/mistral-large-2512,set2,Structure of palmaris brevis muscle,,,,,,,
2026-03-05T16:33:20.911365,mistralai/mistral-large-2512,set2,Butteroil,,,,,,,
2026-03-05T16:33:25.243833,mistralai/mistral-large-2512,set2,Entire ventral posterolateral nucleus of thalamus,,,,,,,
2026-03-05T16:33:31.785320,mistralai/mistral-large-2512,set2,Anomalous pulmonary venous drainage to right atrium,,,,,,,
2026-03-05T16:33:35.697658,mistralai/mistral-large-2512,set2,Caries of cervical margin of tooth,,,,,,,
2026-03-05T16:33:40.271396,mistralai/mistral-large-2512,set2,Bursitis of shoulder,,,,,,,
2026-03-05T16:33:45.312190,mistralai/mistral-large-2512,set2,Laboratory oven,,,,,,,
2026-03-05T16:33:50.723883,mistralai/mistral-large-2512,set2,Assessment using physical function intensive care unit test,,,,,,,
2026-03-05T16:33:54.520980,mistralai/mistral-large-2512,set2,Oral dyskinesia,,,,,,,
2026-03-05T16:34:03.361756,mistralai/mistral-large-2512,set2,Family Ranidae,True frogs,Family of amphibians,Primitive,,,*Amolops*|*Babina*|*Chalcorana*|*Clinotarsus*|*Hylarana*|*Indosylvirana*|*Lithobates*|*Meristogenys*|*Odorrana*|*Pelophylax*|*Pseudorana*|*Pterorana*|*Rana*|*Sanguirana*|*Staurois*,Bombinatoridae|Bufonidae|Calyptocephalellidae|Ceratobatrachidae|Ceratophryidae|Conrauidae|Cycloramphidae|Dicroglossidae|Heleophrynidae|Hemiphractidae|Hylidae|Hyperoliidae|Leiopelmatidae|Leptodactylidae|Mantellidae|Megophryidae|Micrixalidae|Microhylidae|Myobatrachidae|Nasikabatrachidae|Nyctibatrachidae|Petropedetidae|Phrynobatrachidae|Pipidae|Ptychadenidae|Pyxicephalidae|Rhacophoridae|Rhinodermatidae|Rhinophrynidae|Scaphiopodidae|Sooglossidae
2026-03-05T16:34:06.616509,mistralai/mistral-large-2512,set2,Acute postthoracotomy pain syndrome,,,,,,,
2026-03-05T16:34:11.813306,mistralai/mistral-large-2512,set2,Trapezius flap,,,,,,,
2026-03-05T16:34:15.130093,mistralai/mistral-large-2512,set2,Fetal movements palpated by healthcare professional,,,,,,,
2026-03-05T16:34:21.056338,mistralai/mistral-large-2512,set2,Product containing only sodium thiosulfate in parenteral dose form,,,,,,,
2026-03-05T16:34:27.131534,mistralai/mistral-large-2512,set2,Zamia,,,,,,,
2026-03-05T16:34:31.946224,mistralai/mistral-large-2512,set2,Provision of removable artificial eye,,,,,,,
2026-03-05T16:34:35.125616,mistralai/mistral-large-2512,set2,Hypokinesis of myocardium of anterolateral region of left ventricle,,,,,,,
2026-03-05T16:34:39.023579,mistralai/mistral-large-2512,set2,CV20,,,,,,,
2026-03-05T16:34:43.237994,mistralai/mistral-large-2512,set2,Primary malignant neoplasm of intrathoracic organs,,,,,,,
2026-03-05T16:34:47.185052,mistralai/mistral-large-2512,set2,Salmonella IIIb 38:(k):z54,,,,,,,
2026-03-05T16:34:51.206741,mistralai/mistral-large-2512,set2,Purpura simplex,,,,,,,
2026-03-05T16:34:55.281584,mistralai/mistral-large-2512,set2,Arsine poisoning,,,,,,,
2026-03-05T16:35:00.873859,mistralai/mistral-large-2512,set2,Continuous flow apneic ventilation,,,,,,,
2026-03-05T16:35:03.747319,mistralai/mistral-large-2512,set2,Extension Namespace {1000164},,,,,,,
2026-03-05T16:35:08.346872,mistralai/mistral-large-2512,set2,Ear and auditory finding,**Auditory System Findings**,**Clinical Finding**,**Primitive**,**Ear and Labyrinth Findings**|**Hearing and Vestibular Function Findings**,**Finding by Site**|**Sensory System Findings**,**Hearing loss**|**Tinnitus**|**Ear discharge**|**Ear pain**|**Vertigo**|**Otalgia**|**Otorrhea**|**Auditory threshold finding**|**Tympanic membrane finding**|**Middle ear finding**|**Inner ear finding**,**Nose and Sinus Findings**|**Throat and Laryngeal Findings**|**Eye Findings**|**Neurological Findings**
2026-03-05T16:35:12.712516,mistralai/mistral-large-2512,set2,Antibody to myelin associated glycoprotein,,,,,,,
2026-03-05T16:35:16.985350,mistralai/mistral-large-2512,set2,Genus Cercocebus,,,,,,,
2026-03-05T16:35:22.007999,mistralai/mistral-large-2512,set2,Urge incontinence due to prolapse of female genital organ,,,,,,,
2026-03-05T16:35:25.345320,mistralai/mistral-large-2512,set2,Streptococcus pyogenes type emm111,,,,,,,
2026-03-05T16:35:29.813691,mistralai/mistral-large-2512,set2,Partial glossectomy with radical dissection of left half of neck,,,,,,,
2026-03-05T16:35:32.476616,mistralai/mistral-large-2512,set2,Paenibacillus doosanensis,*Paenibacillus doosanensis*,Bacterium,Primitive,,*Bacillales*|*Bacilli*|*Firmicutes*,,*Paenibacillus polymyxa*|*Paenibacillus larvae*|*Paenibacillus vortex*
2026-03-05T16:35:40.123729,mistralai/mistral-large-2512,set2,Diapterus auratus,"*Diapterus auratus* Ranzani, 1842",Organism taxon (species),Primitive,*Diapterus*,Gerreidae|Perciformes,(None listed in standard taxonomic sources),*Diapterus brevirostris*|*Diapterus peruvianus*|*Diapterus rhombeus*
2026-03-05T16:35:43.181689,mistralai/mistral-large-2512,set2,Ribonucleic acid of Parainfluenza virus 4,,,,,,,
2026-03-05T16:35:46.671329,mistralai/mistral-large-2512,set2,Cryptocotyle concava,,,,,,,
2026-03-05T16:35:49.347534,mistralai/mistral-large-2512,set2,Calicivirus gastroenteritis,,,,,,,
2026-03-05T16:35:52.494759,mistralai/mistral-large-2512,set2,Acute sensory polyneuropathy,,,,,,,
2026-03-05T16:35:56.032131,mistralai/mistral-large-2512,set2,Sabouraud dextrose agar,,,,,,,
2026-03-05T16:35:59.057047,mistralai/mistral-large-2512,set2,Urrets-Zavalia syndrome of eye due to and following ocular surgery,,,,,,,
2026-03-05T16:36:04.559871,mistralai/mistral-large-2512,set2,Product containing only flortaucipir (18-F) in parenteral dose form,,,,,,,
2026-03-05T16:36:08.219000,mistralai/mistral-large-2512,set2,Structure of skin of left knee,,,,,,,
2026-03-05T16:36:12.839868,mistralai/mistral-large-2512,set2,Grafting of auricle of ear,,,,,,,
2026-03-05T16:36:16.814903,mistralai/mistral-large-2512,set2,Closed fracture of fifth metatarsal bone of right foot,,,,,,,
2026-03-05T16:36:19.743302,mistralai/mistral-large-2512,set2,Ultrasonic wave,,,,,,,
2026-03-05T16:36:24.829368,mistralai/mistral-large-2512,set2,Accessory mobilization of the cervical spine,,,,,,,
2026-03-05T16:36:28.385972,mistralai/mistral-large-2512,set2,Scilla nonscripta,,,,,,,
2026-03-05T16:36:32.276741,mistralai/mistral-large-2512,set2,Product containing precisely mepacrine hydrochloride 100 milligram/1 each conventional release oral tablet,,,,,,,
2026-03-05T16:36:38.730653,mistralai/mistral-large-2512,set2,"Antibiotic sensitivity, fungus",,,,,,,
2026-03-05T16:36:43.897630,mistralai/mistral-large-2512,set2,"Alcohol, methyl measurement",,,,,,,
2026-03-05T16:36:48.636695,mistralai/mistral-large-2512,set2,Structure of bursa of thumb,,,,,,,
2026-03-05T16:36:53.255230,mistralai/mistral-large-2512,set2,"History and physical examination, sports participation",,,,,,,
2026-03-05T16:36:55.658690,mistralai/mistral-large-2512,set2,Haemophilus felis,,,,,,,
2026-03-05T16:37:00.027839,mistralai/mistral-large-2512,set2,Cholylglycine measurement,,,,,,,
2026-03-05T16:37:03.462031,mistralai/mistral-large-2512,set2,Radiation half-value thickness,,,,,,,
2026-03-05T16:37:09.553243,mistralai/mistral-large-2512,set2,Entire embryo at stage 15,,,,,,,
2026-03-05T16:37:16.616196,mistralai/mistral-large-2512,set2,Product containing only mecobalamin,,,,,,,
2026-03-05T16:37:20.025144,mistralai/mistral-large-2512,set2,Genus Lophodytes,,,,,,,
2026-03-05T16:37:23.689579,mistralai/mistral-large-2512,set2,Mycoplasma hyopneumoniae,*Mycoplasma hyopneumoniae*,- Bacterium,Primitive,*Bacteria causing respiratory diseases in swine*,*Bacteria* (domain)|*Respiratory pathogens*,*Mycoplasma hyopneumoniae strain 232*|*Mycoplasma hyopneumoniae field isolates*,*Mycoplasma gallisepticum*|*Mycoplasma pneumoniae*|*Actinobacillus pleuropneumoniae* (swine respiratory pathogen peer)
2026-03-05T16:37:27.609608,mistralai/mistral-large-2512,set2,Fetal chromosomal abnormality,,,,,,,
2026-03-05T16:37:31.917992,mistralai/mistral-large-2512,set2,History of cancer metastatic to bone,,,,,,,
2026-03-05T16:37:36.545112,mistralai/mistral-large-2512,set2,"Orthopedic fixation plate, non-bioabsorbable, non-sterile",,,,,,,
2026-03-05T16:37:41.091044,mistralai/mistral-large-2512,set2,Neoplasm of isthmus of uterus,,,,,,,
2026-03-05T16:37:44.101978,mistralai/mistral-large-2512,set2,Urethrotome,,,,,,,
2026-03-05T16:37:48.003097,mistralai/mistral-large-2512,set2,Death by immolation,,,,,,,
2026-03-05T16:37:50.717154,mistralai/mistral-large-2512,set2,Skin of part of back,,,,,,,
2026-03-05T16:37:54.801187,mistralai/mistral-large-2512,set2,Croton oil,,,,,,,
2026-03-05T16:37:58.909035,mistralai/mistral-large-2512,set2,Associated_finding_filler,,,,,,,
2026-03-05T16:38:04.019796,mistralai/mistral-large-2512,set2,Lyssavirus aravan,,,,,,,
2026-03-05T16:38:07.755869,mistralai/mistral-large-2512,set2,Main spoken language Esperanto,,,,,,,
2026-03-05T16:38:12.124175,mistralai/mistral-large-2512,set2,Unable to prepare food hygienically,,,,,,,
2026-03-05T16:38:15.504361,mistralai/mistral-large-2512,set2,Proximal radioulnar joint structure,,,,,,,
2026-03-05T16:38:19.444115,mistralai/mistral-large-2512,set2,Early onset cerebellar ataxia,,,,,,,
2026-03-05T16:38:22.051250,mistralai/mistral-large-2512,set2,Cresylglycidyl ether,,,,,,,
2026-03-05T16:38:25.288733,mistralai/mistral-large-2512,set2,Etheostoma zoniferum,"*Etheostoma zoniferum* Jordan & Brayton, 1878",Species of fish (taxonomic biological entity),Primitive,,Perciformes (order),,*Etheostoma caeruleum*|*Etheostoma flabellare*|*Etheostoma nigrum*|*Etheostoma olmstedi*
2026-03-05T16:38:29.111053,mistralai/mistral-large-2512,set2,Plasma thawing unit,,,,,,,
2026-03-05T16:38:33.352298,mistralai/mistral-large-2512,set2,Fracture of coccyx,,,,,,,
2026-03-05T16:38:37.997835,mistralai/mistral-large-2512,set2,3 o'clock position on mammogram,,,,,,,
2026-03-05T16:38:40.906331,mistralai/mistral-large-2512,set2,Old posterior cruciate ligament disruption,,,,,,,
2026-03-05T16:38:44.555575,mistralai/mistral-large-2512,set2,Anxious avoidant attachment,,,,,,,
2026-03-05T16:38:49.138883,mistralai/mistral-large-2512,set2,Inflammation of left iliohypogastric nerve,,,,,,,
2026-03-05T16:38:54.181684,mistralai/mistral-large-2512,set2,Re-excision of breast for clearance of tumor margins,,,,,,,
2026-03-05T16:38:58.499764,mistralai/mistral-large-2512,set2,Diamond dental laboratory bur,,,,,,,
2026-03-05T16:39:03.323539,mistralai/mistral-large-2512,set2,Family Fuselloviridae,,,,,,,
2026-03-05T16:39:07.571274,mistralai/mistral-large-2512,set2,Occlusion of vein of corpus cavernosum of penis,,,,,,,
2026-03-05T16:39:10.513626,mistralai/mistral-large-2512,set2,Autosomal dominant intermediate Charcot-Marie-Tooth disease type C,,,,,,,
2026-03-05T16:39:13.795262,mistralai/mistral-large-2512,set2,Hemoglobin Volga,,,,,,,
2026-03-05T16:39:16.988362,mistralai/mistral-large-2512,set2,Punctate outer retinal toxoplasmosis,,,,,,,
2026-03-05T16:39:19.808434,mistralai/mistral-large-2512,set2,Congenital talipes calcaneovalgus,,,,,,,
2026-03-05T16:39:24.108394,mistralai/mistral-large-2512,set2,Recurrent acute streptococcal tonsillitis,,,,,,,
2026-03-05T16:39:27.909078,mistralai/mistral-large-2512,set2,Jaeger type 10,,,,,,,
2026-03-05T16:39:30.936075,mistralai/mistral-large-2512,set2,Myofascial pain syndrome of lower back,,,,,,,
2026-03-05T16:39:35.271531,mistralai/mistral-large-2512,set2,Spine dislocation due to birth trauma,,,,,,,
2026-03-05T16:39:39.115841,mistralai/mistral-large-2512,set2,Netta rufina,,,,,,,
2026-03-05T16:39:45.048986,mistralai/mistral-large-2512,set2,Congenital abnormality of systemic vein,,,,,,,
2026-03-05T16:39:48.470778,mistralai/mistral-large-2512,set2,Stachybotrys chartarum,,,,,,,
2026-03-05T16:39:52.083205,mistralai/mistral-large-2512,set2,Fracture of phalanx of finger of left hand,,,,,,,
2026-03-05T16:39:56.225313,mistralai/mistral-large-2512,set2,Astroscopus y-graecum,,,,,,,
2026-03-05T16:39:59.923114,mistralai/mistral-large-2512,set2,Vaccine product containing only Clostridium tetani and Human poliovirus antigens,,,,,,,
2026-03-05T16:40:02.444445,mistralai/mistral-large-2512,set2,Single photon emission computed tomography system,,,,,,,
2026-03-05T16:40:06.927412,mistralai/mistral-large-2512,set2,Measurement of Influenza A virus antibody and Influenza B virus antibody,,,,,,,
2026-03-05T16:40:10.287635,mistralai/mistral-large-2512,set2,Chronic radiation nephritis,,,,,,,
2026-03-05T16:40:12.914259,mistralai/mistral-large-2512,set2,Giant retinal tear,,,,,,,
2026-03-05T16:40:16.782824,mistralai/mistral-large-2512,set2,Structure of lateral surface of upper arm,,,,,,,
2026-03-05T16:40:20.909001,mistralai/mistral-large-2512,set2,Family Echinorhynchidae,,,,,,,
2026-03-05T16:40:26.513050,mistralai/mistral-large-2512,set2,Embolectomy with catheter of celiac artery by abdominal incision,,,,,,,
2026-03-05T16:40:30.160817,mistralai/mistral-large-2512,set2,Entire zygomatic arch,,,,,,,
2026-03-05T16:40:34.152603,mistralai/mistral-large-2512,set2,Application of hot water bottle,,,,,,,
2026-03-05T16:40:37.165391,mistralai/mistral-large-2512,set2,Tilmicosin,"Tilmicosin [USAN, BAN, INN]",Antibiotic / Macrolide antibiotic / Veterinary drug,Fully defined,Macrolide antibiotic|Veterinary antimicrobial agent,Anti-infective agent|Pharmacologic substance,Tilmicosin phosphate,Tylosin|Erythromycin|Tylvalosin|Tulathromycin|Gamithromycin|Tildipirosin
2026-03-05T16:40:41.711916,mistralai/mistral-large-2512,set2,Hypothalamic releasing factor,,,,,,,
2026-03-05T16:40:46.077722,mistralai/mistral-large-2512,set2,Perioral numbness,,,,,,,
2026-03-05T16:40:48.928593,mistralai/mistral-large-2512,set2,"Electron microscopy study, transmission, examination and report",,,,,,,
2026-03-05T16:40:52.515335,mistralai/mistral-large-2512,set2,Structure of hypothalamicohypophyseal tract,,,,,,,
2026-03-05T16:40:57.906541,mistralai/mistral-large-2512,set2,Incision and exploration of tunica vaginalis,,,,,,,
2026-03-05T16:41:01.999731,mistralai/mistral-large-2512,set2,Injury of nasopharynx,,,,,,,
2026-03-05T16:41:06.242246,mistralai/mistral-large-2512,set2,Grafting of fascia to tarsal cartilage,,,,,,,
2026-03-05T16:41:09.970496,mistralai/mistral-large-2512,set2,Accidental ingestion of spurge olive berries,,,,,,,
2026-03-05T16:41:14.182206,mistralai/mistral-large-2512,set2,Stimulus response inventory,,,,,,,
2026-03-05T16:41:19.412817,mistralai/mistral-large-2512,set2,Fall risk assessment declined,,,,,,,
2026-03-05T16:41:21.942912,mistralai/mistral-large-2512,set2,Vegetable suet,,,,,,,
2026-03-05T16:41:26.376142,mistralai/mistral-large-2512,set2,Flexion deformity of joint of right ankle,,,,,,,
2026-03-05T16:41:30.229713,mistralai/mistral-large-2512,set2,"Delayed allogeneic transplantation, living donor",,,,,,,
2026-03-05T16:41:34.670868,mistralai/mistral-large-2512,set2,Finding of knee joint color,,,,,,,
2026-03-05T16:41:38.399268,mistralai/mistral-large-2512,set2,Entire sinus venosus of fetus,,,,,,,
2026-03-05T16:41:44.222191,mistralai/mistral-large-2512,set2,Blood (white blood cell) screen for GM1 gangliosidosis,,,,,,,
2026-03-05T16:41:48.502275,mistralai/mistral-large-2512,set2,Cystic testicular dysplasia,,,,,,,
2026-03-05T16:41:52.818028,mistralai/mistral-large-2512,set2,No active range of shoulder circumduction,,,,,,,
2026-03-05T16:41:56.275915,mistralai/mistral-large-2512,set2,Product containing precisely promethazine hydrochloride 25 milligram/1 each conventional release oral tablet,,,,,,,
2026-03-05T16:42:01.168937,mistralai/mistral-large-2512,set2,Spotted creeper,,,,,,,
2026-03-05T16:42:03.895444,mistralai/mistral-large-2512,set2,Chilomastix intestinalis,,,,,,,
2026-03-05T16:42:08.134372,mistralai/mistral-large-2512,set2,"Extraprostatic extension of tumor present, non-focal",,,,,,,
2026-03-05T16:42:11.916333,mistralai/mistral-large-2512,set2,Arteriovenous graft rupture,,,,,,,
2026-03-05T16:42:15.675951,mistralai/mistral-large-2512,set2,Structure of superficial anterior cervical lymph node,,,,,,,
2026-03-05T16:42:19.628093,mistralai/mistral-large-2512,set2,Myelodysplastic syndrome with excess blasts-1,,,,,,,
2026-03-05T16:42:22.390742,mistralai/mistral-large-2512,set2,Administration of substance via buccal route,,,,,,,
2026-03-05T16:42:25.460689,mistralai/mistral-large-2512,set2,Product containing only bendroflumethiazide and potassium chloride,,,,,,,
2026-03-05T16:42:28.948082,mistralai/mistral-large-2512,set2,Transmission-based precautions,,,,,,,
2026-03-05T16:42:32.504533,mistralai/mistral-large-2512,set2,Tooth disorder,,,,,,,
2026-03-05T16:42:34.528594,mistralai/mistral-large-2512,set2,Physical,,,,,,,
2026-03-05T16:42:37.227280,mistralai/mistral-large-2512,set2,Dislocation of ear ossicles,,,,,,,
2026-03-05T16:42:42.069161,mistralai/mistral-large-2512,set2,Fracture dislocation of symphysis pubis,,,,,,,
2026-03-05T16:42:47.077163,mistralai/mistral-large-2512,set2,Tache noire of sclera of left eye,,,,,,,
2026-03-05T16:42:51.014568,mistralai/mistral-large-2512,set2,"Volatile inhalant dependence, episodic",,,,,,,
2026-03-05T16:42:55.363972,mistralai/mistral-large-2512,set2,Decreased N-3 fatty acid diet,,,,,,,
2026-03-05T16:42:58.812940,mistralai/mistral-large-2512,set2,Carbapenemase-producing Lelliottia amnigena,,,,,,,
2026-03-05T16:43:01.849489,mistralai/mistral-large-2512,set2,Polychromatophilic erythroblast,,,,,,,
2026-03-05T16:43:04.706485,mistralai/mistral-large-2512,set2,Fuller's earth dust,,,,,,,
2026-03-05T16:43:09.614525,mistralai/mistral-large-2512,set2,Stress fracture of sacrum,,,,,,,
2026-03-05T16:43:13.373136,mistralai/mistral-large-2512,set2,Poor self-esteem,,,,,,,
2026-03-05T16:43:16.563244,mistralai/mistral-large-2512,set2,Bathrocephaly,,,,,,,
2026-03-05T16:43:20.246789,mistralai/mistral-large-2512,set2,Snuff user,,,,,,,
2026-03-05T16:43:23.319023,mistralai/mistral-large-2512,set2,Generalized onset motor epileptic seizure,,,,,,,
2026-03-05T16:43:26.226195,mistralai/mistral-large-2512,set2,Allergy treatment changed,,,,,,,
2026-03-05T16:43:31.064368,mistralai/mistral-large-2512,set2,Erosion of pacemaker pocket due to and following implantation of cardiac pacemaker,,,,,,,
2026-03-05T16:43:35.412682,mistralai/mistral-large-2512,set2,Head lifting exercise,,,,,,,
2026-03-05T16:43:39.587302,mistralai/mistral-large-2512,set2,Entire corpus penis,,,,,,,
2026-03-05T16:43:42.880070,mistralai/mistral-large-2512,set2,Oligopus diagrammus,,,,,,,
2026-03-05T16:43:46.791504,mistralai/mistral-large-2512,set2,Deficiency of ribose-5-phosphate isomerase,,,,,,,
2026-03-05T16:43:50.745876,mistralai/mistral-large-2512,set2,Progestogen overdose,,,,,,,
2026-03-05T16:43:54.923710,mistralai/mistral-large-2512,set2,Cartilage graft - prominent ear,,,,,,,
2026-03-05T16:43:57.541580,mistralai/mistral-large-2512,set2,Borrelia theileri,*Borrelia theileri*,Bacterium,Primitive,,*Spirochaetales*|*Spirochaetes*,,*Borrelia burgdorferi*|*Borrelia recurrentis*|*Borrelia hermsii*|*Borrelia duttonii*
2026-03-05T16:44:02.356931,mistralai/mistral-large-2512,set2,Mood disorder with mixed depressive and manic symptoms caused by volatile inhalant,,,,,,,
2026-03-05T16:44:06.478189,mistralai/mistral-large-2512,set2,Degloving injury buttock,,,,,,,
2026-03-05T16:44:10.925940,mistralai/mistral-large-2512,set2,Attachment of bone anchored hearing prosthesis,,,,,,,
2026-03-05T16:44:14.002193,mistralai/mistral-large-2512,set2,Air traffic controller,,,,,,,
2026-03-05T16:44:19.126922,mistralai/mistral-large-2512,set2,Entire intervertebral symphysis between T2 and T3,,,,,,,
2026-03-05T16:44:22.181493,mistralai/mistral-large-2512,set2,Protostrongylus brevispiculum,,,,,,,
2026-03-05T16:44:24.974568,mistralai/mistral-large-2512,set2,Vasomotor rhinitis,,,,,,,
2026-03-05T16:44:27.994886,mistralai/mistral-large-2512,set2,Able to open and close mouth,,,,,,,
2026-03-05T16:44:31.087207,mistralai/mistral-large-2512,set2,Pseudoxanthomonas helianthi,,,,,,,
2026-03-05T16:44:35.509528,mistralai/mistral-large-2512,set2,Repair of ventral hernia using graft,,,,,,,
2026-03-05T16:44:39.952333,mistralai/mistral-large-2512,set2,Assessment using Short Form of the Informant Questionnaire on Cognitive Decline in the Elderly,,,,,,,
2026-03-05T16:44:43.400501,mistralai/mistral-large-2512,set2,Acute inflammation,,,,,,,
2026-03-05T16:44:47.528353,mistralai/mistral-large-2512,set2,Autosomal recessive hereditary spastic paraplegia,,,,,,,
2026-03-05T16:44:51.683984,mistralai/mistral-large-2512,set2,Octomitus,,,,,,,
2026-03-05T16:44:56.278758,mistralai/mistral-large-2512,set2,Toxoplasma tubulointerstitial nephropathy,,,,,,,
2026-03-05T16:45:00.078520,mistralai/mistral-large-2512,set2,Notropis harperi,,,,,,,
2026-03-05T16:45:04.682642,mistralai/mistral-large-2512,set2,History of toxoplasmosis,,,,,,,
2026-03-05T16:45:07.655974,mistralai/mistral-large-2512,set2,Blood group antigen Sk^a^,,,,,,,
2026-03-05T16:45:11.542068,mistralai/mistral-large-2512,set2,Wedge excision of skin of nail fold,,,,,,,
2026-03-05T16:45:14.771342,mistralai/mistral-large-2512,set2,Finding of difference in location compared to previous radiologic examination,,,,,,,
2026-03-05T16:45:19.545868,mistralai/mistral-large-2512,set2,Christo Inventory for Substance-misuse Services total score,,,,,,,
2026-03-05T16:45:22.603927,mistralai/mistral-large-2512,set2,Aspidites melanocephalus,,,,,,,
2026-03-05T16:45:26.272603,mistralai/mistral-large-2512,set2,General medical self-referral,,,,,,,
2026-03-05T16:45:30.726399,mistralai/mistral-large-2512,set2,Artery of extremity transposition,,,,,,,
2026-03-05T16:45:33.957621,mistralai/mistral-large-2512,set2,Occlusion of left central retinal artery,,,,,,,
2026-03-05T16:45:38.722487,mistralai/mistral-large-2512,set2,Nutrient absorption inhibitor,,,,,,,
2026-03-05T16:45:42.586864,mistralai/mistral-large-2512,set2,Laceration of thigh without foreign body,,,,,,,
2026-03-05T16:45:46.296777,mistralai/mistral-large-2512,set2,Eimeria magna,,,,,,,
2026-03-05T16:45:48.954356,mistralai/mistral-large-2512,set2,Enterocolic fistula,,,,,,,
2026-03-05T16:45:53.931846,mistralai/mistral-large-2512,set2,Rehabilitation care plan,,,,,,,
2026-03-05T16:45:57.868141,mistralai/mistral-large-2512,set2,Blood group antigen Naz,,,,,,,
2026-03-05T16:46:00.413960,mistralai/mistral-large-2512,set2,Bilastine,,,,,,,
2026-03-05T16:46:03.426568,mistralai/mistral-large-2512,set2,Appearance of oral mucosa,,,,,,,
2026-03-05T16:46:07.234468,mistralai/mistral-large-2512,set2,Superior closed dislocation,,,,,,,
2026-03-05T16:46:10.204123,mistralai/mistral-large-2512,set2,Khoshamian,,,,,,,
2026-03-05T16:46:14.635910,mistralai/mistral-large-2512,set2,Urine codeine measurement,,,,,,,
2026-03-05T16:46:19.118997,mistralai/mistral-large-2512,set2,Computed tomography of thigh for radiotherapy planning,,,,,,,
2026-03-05T16:46:23.316447,mistralai/mistral-large-2512,set2,Application of long leg cast,,,,,,,
2026-03-05T16:46:25.929212,mistralai/mistral-large-2512,set2,Acute duodenitis,,,,,,,
2026-03-05T16:46:30.078052,mistralai/mistral-large-2512,set2,"Nuclear medicine system table, powered",,,,,,,
2026-03-05T16:46:34.690878,mistralai/mistral-large-2512,set2,Local tumor spread,,,,,,,
2026-03-05T16:46:37.949594,mistralai/mistral-large-2512,set2,Family Kogiidae,,,,,,,
2026-03-05T16:46:40.385864,mistralai/mistral-large-2512,set2,Able to transfer from wheelchair to chair,,,,,,,
2026-03-05T16:46:44.513538,mistralai/mistral-large-2512,set2,Selectron therapy,,,,,,,
2026-03-05T16:46:48.440716,mistralai/mistral-large-2512,set2,Structure of superficial part of superior levator palpebrae muscle,,,,,,,
2026-03-05T16:46:50.955791,mistralai/mistral-large-2512,set2,Entire left wall of urinary bladder,,,,,,,
2026-03-05T16:46:55.126433,mistralai/mistral-large-2512,set2,Urine specimen care assessment,,,,,,,
2026-03-05T16:46:59.592360,mistralai/mistral-large-2512,set2,Structure of intervertebral disc of sacral vertebra,,,,,,,
2026-03-05T16:47:04.210052,mistralai/mistral-large-2512,set2,Amino acids peritoneal dialysis solution,,,,,,,
2026-03-05T16:47:08.706031,mistralai/mistral-large-2512,set2,Family Caryophyllaceae,,,,,,,
2026-03-05T16:47:12.697856,mistralai/mistral-large-2512,set2,Umbilical catheter submitted as specimen,,,,,,,
2026-03-05T16:47:16.118720,mistralai/mistral-large-2512,set2,Product containing precisely desmopressin acetate 100 microgram/1 milliliter conventional release nasal solution,,,,,,,
2026-03-05T16:47:19.824812,mistralai/mistral-large-2512,set2,Syncytial cell,,,,,,,
2026-03-05T16:47:22.646829,mistralai/mistral-large-2512,set2,Extension Namespace {1000085},,,,,,,
2026-03-05T16:47:27.655112,mistralai/mistral-large-2512,set2,Congenital absence of frontal bone,,,,,,,
2026-03-05T16:47:33.352974,mistralai/mistral-large-2512,set2,Incision and exploration of rectum,,,,,,,
2026-03-05T16:47:37.362432,mistralai/mistral-large-2512,set2,Needle catheter,,,,,,,
2026-03-05T16:47:40.708452,mistralai/mistral-large-2512,set2,Percutaneous transluminal embolization of femoral artery,,,,,,,
2026-03-05T16:47:43.642473,mistralai/mistral-large-2512,set2,Stung by cone shell,,,,,,,
2026-03-05T16:47:47.618117,mistralai/mistral-large-2512,set2,Head artery injection,,,,,,,
2026-03-05T16:47:52.123581,mistralai/mistral-large-2512,set2,"True insight, function",,,,,,,
2026-03-05T16:47:57.193804,mistralai/mistral-large-2512,set2,Disorder due to and following injury of muscle and tendon of upper limb,,,,,,,
2026-03-05T16:48:00.315161,mistralai/mistral-large-2512,set2,Entire left foot,,,,,,,
2026-03-05T16:48:04.083608,mistralai/mistral-large-2512,set2,Recurrent erosion of cornea of left eye,,,,,,,
2026-03-05T16:48:08.063727,mistralai/mistral-large-2512,set2,Excision of salivary gland,,,,,,,
2026-03-05T16:48:13.013816,mistralai/mistral-large-2512,set2,Adverse effect of prosthetic device,,,,,,,
2026-03-05T16:48:17.598047,mistralai/mistral-large-2512,set2,Total excision of meningioma,,,,,,,
2026-03-05T16:48:20.779808,mistralai/mistral-large-2512,set2,Cote d'Ivoire,,,,,,,
2026-03-05T16:48:26.121437,mistralai/mistral-large-2512,set2,Fluoroscopic venography of hepatic vein with contrast and insertion of stent graft,,,,,,,
2026-03-05T16:48:31.130588,mistralai/mistral-large-2512,set2,Amyloid deposition,,,,,,,
2026-03-05T16:48:33.664453,mistralai/mistral-large-2512,set2,Measurement of serum thyroid stimulating hormone,,,,,,,
2026-03-05T16:48:36.468961,mistralai/mistral-large-2512,set2,Excessive secretin secretion,,,,,,,
2026-03-05T16:48:43.122191,mistralai/mistral-large-2512,set2,Cataract lens fragments in vitreous of left eye due to and following cataract surgery,,,,,,,
2026-03-05T16:48:48.163651,mistralai/mistral-large-2512,set2,Toe joint crepitus,,,,,,,
2026-03-05T16:48:51.825795,mistralai/mistral-large-2512,set2,Gynecological operating table,,,,,,,
2026-03-05T16:48:54.754076,mistralai/mistral-large-2512,set2,Product containing hydrolase inhibitor,,,,,,,
2026-03-05T16:48:57.458814,mistralai/mistral-large-2512,set2,Edoxaban tosylate,,,,,,,
2026-03-05T16:49:01.593488,mistralai/mistral-large-2512,set2,Deep dog bite,,,,,,,
2026-03-05T16:49:05.980061,mistralai/mistral-large-2512,set2,Family Kinosternidae,,,,,,,
2026-03-05T16:49:09.231505,mistralai/mistral-large-2512,set2,Substance with sodium/potassium adenosine triphosphatase enzyme inhibitor mechanism of action,,,,,,,
2026-03-05T16:49:13.061759,mistralai/mistral-large-2512,set2,Delayed suture of tendon,,,,,,,
2026-03-05T16:49:16.708564,mistralai/mistral-large-2512,set2,Specimen source,,,,,,,
2026-03-05T16:49:21.063191,mistralai/mistral-large-2512,set2,Microinvasive carcinoma,,,,,,,
2026-03-05T16:49:24.967007,mistralai/mistral-large-2512,set2,Abdominal reflex delayed,,,,,,,
2026-03-05T16:49:27.954180,mistralai/mistral-large-2512,set2,Product containing only phenazopyridine,Phenazopyridine-containing product,Pharmacologic Substance,Primitive,Urinary analgesic product|Pyridine derivative-containing product,Analgesic product|Heterocyclic compound-containing product,Phenazopyridine hydrochloride tablet|Phenazopyridine hydrochloride capsule,Methenamine-containing product|Nitrofurantoin-containing product|Trimethoprim-sulfamethoxazole-containing product
2026-03-05T16:49:33.084279,mistralai/mistral-large-2512,set2,Incision and drainage of hematoma,,,,,,,
2026-03-05T16:49:37.005237,mistralai/mistral-large-2512,set2,Skin structure of infratemporal region,,,,,,,
2026-03-05T16:49:41.489995,mistralai/mistral-large-2512,set2,Soft tissue lesion of foot region,,,,,,,
2026-03-05T16:49:46.407398,mistralai/mistral-large-2512,set2,Arthroscopic release of capsule of hip joint,,,,,,,
2026-03-05T16:49:49.453320,mistralai/mistral-large-2512,set2,Traumatic joint hemarthrosis,,,,,,,
2026-03-05T16:49:52.908751,mistralai/mistral-large-2512,set2,Long QT syndrome caused by drug,,,,,,,
2026-03-05T16:49:55.410147,mistralai/mistral-large-2512,set2,Neocoger mucronatus,,,,,,,
2026-03-05T16:49:59.329959,mistralai/mistral-large-2512,set2,Product containing bismuth subsalicylate and metronidazole and tetracycline,,,,,,,
2026-03-05T16:50:03.246911,mistralai/mistral-large-2512,set2,Pulmonary artery pressure,,,,,,,
2026-03-05T16:50:06.716266,mistralai/mistral-large-2512,set2,Arthroscopy of shoulder with complete synovectomy,,,,,,,
2026-03-05T16:50:11.146513,mistralai/mistral-large-2512,set2,beta-Aminoisobutyrate measurement,,,,,,,
2026-03-05T16:50:14.804383,mistralai/mistral-large-2512,set2,Injury of thymus gland,,,,,,,
2026-03-05T16:50:18.867357,mistralai/mistral-large-2512,set2,Finding related to ability to balance,,,,,,,
2026-03-05T16:50:23.780512,mistralai/mistral-large-2512,set2,"Porphyrins, quantitation and fractionation, urine",,,,,,,
2026-03-05T16:50:27.624784,mistralai/mistral-large-2512,set2,Trichostrongylus retortaeformis,*Trichostrongylus retortaeformis*,- Organism,Primitive,Strongylida (order)|Trichostrongylidae (family),"Nematoda (phylum)|Rhabditida (order, broader than Strongylida in some classifications)",,*Trichostrongylus colubriformis*|*Trichostrongylus vitrinus*|*Haemonchus contortus*|*Ostertagia ostertagi*
2026-03-05T16:50:30.956698,mistralai/mistral-large-2512,set2,Extrinsic motivation,,,,,,,
2026-03-05T16:50:34.857676,mistralai/mistral-large-2512,set2,Duodenal candidosis,,,,,,,
2026-03-05T16:50:38.717246,mistralai/mistral-large-2512,set2,Take impression for lower removable orthodontic appliance,,,,,,,
2026-03-05T16:50:41.942783,mistralai/mistral-large-2512,set2,Primary basal cell carcinoma of skin of left foot,,,,,,,
2026-03-05T16:50:44.949505,mistralai/mistral-large-2512,set2,Rigid ankle-foot orthosis,,,,,,,
2026-03-05T16:50:49.352130,mistralai/mistral-large-2512,set2,"Closed fracture thumb proximal phalanx, head",,,,,,,
2026-03-05T16:50:51.816048,mistralai/mistral-large-2512,set2,Acute suppuration of maxillary sinus,,,,,,,
2026-03-05T16:50:54.994680,mistralai/mistral-large-2512,set2,Dodecenoyl-coenzyme A delta-isomerase,,,,,,,
2026-03-05T16:50:58.704716,mistralai/mistral-large-2512,set2,Entire lymphatic vessel of orbit,,,,,,,
2026-03-05T16:51:00.900808,mistralai/mistral-large-2512,set2,Blood group antigen Wallin,**Wall(a) antigen**,**Blood group antigen**,**Primitive**,,**Erythrocyte antigens**,,**i antigen**|**Other Ii system antigens**
2026-03-05T16:51:05.950985,mistralai/mistral-large-2512,set2,Corynebacterium species not Corynebacterium jeikeium,,,,,,,
2026-03-05T16:51:11.394965,mistralai/mistral-large-2512,set2,Nocardioides terrae,,,,,,,
2026-03-05T16:51:14.810524,mistralai/mistral-large-2512,set2,Lactobacillus rhamnosus GG,,,,,,,
2026-03-05T16:51:24.201669,mistralai/mistral-large-2512,set2,Pain of breast,,,,,,,
2026-03-05T16:51:27.571877,mistralai/mistral-large-2512,set2,Structure of left cochlear,,,,,,,
2026-03-05T16:51:32.247037,mistralai/mistral-large-2512,set2,Decreased active range of hip flexion,,,,,,,
